,0,1,2
0,CREDITO,1119-1608-1495-1446,ACTIVA
1,CREDITO,1112-1835-1835-1384,ACTIVA
2,CREDITO,1115-1596-1141-1164,ACTIVA
3,CREDITO,1116-1769-1124-1477,ACTIVA
4,CREDITO,1117-1994-1311-1317,ACTIVA
5,CREDITO,1111-1744-1450-1751,ACTIVA
6,CREDITO,1113-1679-1236-1240,ACTIVA
7,CREDITO,1117-1718-1532-1513,ACTIVA
8,CREDITO,1118-1702-1524-1447,ACTIVA
9,CREDITO,1119-1869-1963-1128,ACTIVA
10,CREDITO,1112-1633-1897-1755,ACTIVA
11,CREDITO,1119-1644-1489-1325,ACTIVA
12,CREDITO,1113-1332-1607-1184,ACTIVA
13,CREDITO,1113-1866-1868-1478,ACTIVA
14,CREDITO,1117-1910-1961-1680,ACTIVA
15,CREDITO,1117-1694-1431-1192,ACTIVA
16,CREDITO,1117-1583-1182-1331,ACTIVA
17,CREDITO,1113-1648-1615-1196,ACTIVA
18,CREDITO,1118-1727-1490-1643,ACTIVA
19,CREDITO,1111-1164-1176-1665,ACTIVA
20,CREDITO,1117-1684-1589-1210,ACTIVA
21,CREDITO,1111-1208-1732-1742,ACTIVA
22,CREDITO,1116-1480-1816-1267,ACTIVA
23,CREDITO,1113-1919-1637-1719,ACTIVA
24,CREDITO,1119-1396-1224-1481,ACTIVA
25,CREDITO,1114-1230-1540-1594,ACTIVA
26,CREDITO,1116-1165-1574-1246,ACTIVA
27,CREDITO,1114-1413-1661-1954,ACTIVA
28,CREDITO,1117-1935-1448-1697,ACTIVA
29,CREDITO,1113-1285-1994-1256,ACTIVA
30,CREDITO,1117-1875-1551-1831,ACTIVA
31,CREDITO,1111-1326-1179-1396,ACTIVA
32,CREDITO,1113-1268-1872-1609,ACTIVA
33,CREDITO,1115-1561-1358-1533,ACTIVA
34,CREDITO,1114-1426-1667-1584,ACTIVA
35,CREDITO,1111-1152-1966-1749,ACTIVA
36,CREDITO,1118-1863-1539-1118,ACTIVA
37,CREDITO,1116-1947-1169-1970,ACTIVA
38,CREDITO,1117-1543-1227-1199,ACTIVA
39,CREDITO,1114-1309-1553-1138,ACTIVA
40,CREDITO,1116-1470-1184-1617,ACTIVA
41,CREDITO,1118-1672-1726-1614,ACTIVA
42,CREDITO,1115-1140-1123-1473,ACTIVA
43,CREDITO,1112-1349-1408-1694,ACTIVA
44,CREDITO,1111-1338-1347-1910,ACTIVA
45,CREDITO,1117-1281-1274-1295,ACTIVA
46,CREDITO,1119-1705-1896-1337,ACTIVA
47,CREDITO,1116-1585-1641-1218,ACTIVA
48,CREDITO,1113-1223-1438-1638,ACTIVA
49,CREDITO,1115-1455-1886-1684,ACTIVA
50,CREDITO,1117-1394-1967-1806,ACTIVA
51,CREDITO,1113-1454-1561-1948,ACTIVA
52,CREDITO,1115-1203-1814-1747,ACTIVA
53,CREDITO,1114-1112-1395-1445,ACTIVA
54,CREDITO,1114-1176-1642-1515,ACTIVA
55,CREDITO,1119-1780-1766-1599,ACTIVA
56,CREDITO,1114-1562-1655-1309,ACTIVA
57,CREDITO,1115-1419-1466-1819,ACTIVA
58,CREDITO,1112-1789-1268-1332,ACTIVA
59,CREDITO,1117-1195-1649-1835,ACTIVA
60,CREDITO,1119-1161-1650-1223,ACTIVA
61,CREDITO,1117-1638-1201-1183,ACTIVA
62,CREDITO,1119-1392-1805-1833,ACTIVA
63,CREDITO,1112-1553-1845-1410,ACTIVA
64,CREDITO,1117-1633-1984-1388,ACTIVA
65,CREDITO,1111-1959-1709-1832,ACTIVA
66,CREDITO,1114-1424-1814-1281,ACTIVA
67,CREDITO,1119-1801-1670-1218,ACTIVA
68,CREDITO,1111-1317-1550-1610,ACTIVA
69,CREDITO,1116-1923-1611-1407,ACTIVA
70,CREDITO,1114-1995-1582-1749,ACTIVA
71,CREDITO,1118-1671-1666-1857,ACTIVA
72,CREDITO,1114-1470-1280-1977,ACTIVA
73,CREDITO,1111-1344-1799-1283,ACTIVA
74,CREDITO,1119-1123-1971-1251,ACTIVA
75,CREDITO,1115-1910-1381-1565,ACTIVA
76,CREDITO,1111-1872-1757-1682,ACTIVA
77,CREDITO,1116-1272-1264-1563,ACTIVA
78,CREDITO,1118-1684-1128-1295,ACTIVA
79,CREDITO,1119-1548-1194-1830,ACTIVA
80,CREDITO,1113-1984-1875-1183,ACTIVA
81,CREDITO,1112-1551-1368-1741,ACTIVA
82,CREDITO,1111-1949-1506-1806,ACTIVA
83,CREDITO,1114-1981-1941-1418,ACTIVA
84,CREDITO,1117-1591-1246-1229,ACTIVA
85,CREDITO,1118-1556-1247-1271,ACTIVA
86,CREDITO,1119-1990-1906-1143,ACTIVA
87,CREDITO,1117-1775-1424-1564,ACTIVA
88,CREDITO,1117-1967-1687-1445,ACTIVA
89,CREDITO,1112-1609-1862-1369,ACTIVA
90,CREDITO,1114-1931-1185-1293,ACTIVA
91,CREDITO,1112-1342-1784-1231,ACTIVA
92,CREDITO,1119-1957-1628-1212,ACTIVA
93,CREDITO,1115-1564-1677-1128,ACTIVA
94,CREDITO,1118-1588-1475-1380,ACTIVA
95,CREDITO,1117-1985-1419-1628,ACTIVA
96,CREDITO,1113-1300-1965-1419,ACTIVA
97,CREDITO,1113-1191-1411-1919,ACTIVA
98,CREDITO,1111-1354-1312-1913,ACTIVA
99,CREDITO,1117-1795-1506-1534,ACTIVA
100,CREDITO,1117-1756-1574-1375,ACTIVA
101,CREDITO,1115-1194-1151-1152,ACTIVA
102,CREDITO,1117-1239-1453-1942,ACTIVA
103,CREDITO,1117-1272-1333-1760,ACTIVA
104,CREDITO,1114-1383-1214-1124,ACTIVA
105,CREDITO,1116-1304-1231-1843,ACTIVA
106,CREDITO,1114-1792-1468-1999,ACTIVA
107,CREDITO,1113-1582-1883-1378,ACTIVA
108,CREDITO,1113-1685-1871-1981,ACTIVA
109,CREDITO,1113-1318-1322-1913,ACTIVA
110,CREDITO,1116-1918-1161-1809,ACTIVA
111,CREDITO,1116-1768-1137-1855,ACTIVA
112,CREDITO,1111-1762-1980-1319,ACTIVA
113,CREDITO,1114-1322-1536-1685,ACTIVA
114,CREDITO,1112-1158-1221-1135,ACTIVA
115,CREDITO,1115-1822-1870-1346,ACTIVA
116,CREDITO,1113-1310-1660-1764,ACTIVA
117,CREDITO,1118-1252-1809-1240,ACTIVA
118,CREDITO,1117-1996-1986-1371,ACTIVA
119,CREDITO,1118-1888-1170-1912,ACTIVA
120,CREDITO,1116-1858-1424-1367,ACTIVA
121,CREDITO,1114-1859-1172-1994,ACTIVA
122,CREDITO,1119-1977-1422-1606,ACTIVA
123,CREDITO,1118-1658-1416-1371,ACTIVA
124,CREDITO,1111-1924-1664-1255,ACTIVA
125,CREDITO,1111-1787-1843-1680,ACTIVA
126,CREDITO,1111-1441-1310-1641,ACTIVA
127,CREDITO,1113-1125-1501-1246,ACTIVA
128,CREDITO,1112-1221-1629-1244,ACTIVA
129,CREDITO,1118-1463-1334-1667,ACTIVA
130,CREDITO,1112-1253-1653-1633,ACTIVA
131,CREDITO,1111-1878-1589-1515,ACTIVA
132,CREDITO,1116-1825-1403-1498,ACTIVA
133,CREDITO,1114-1537-1122-1533,ACTIVA
134,CREDITO,1113-1651-1741-1798,ACTIVA
135,CREDITO,1119-1355-1301-1921,ACTIVA
136,CREDITO,1117-1135-1996-1547,ACTIVA
137,CREDITO,1112-1316-1779-1872,ACTIVA
138,CREDITO,1119-1296-1738-1639,ACTIVA
139,CREDITO,1118-1480-1806-1620,ACTIVA
140,CREDITO,1113-1292-1246-1539,ACTIVA
141,CREDITO,1115-1491-1949-1353,ACTIVA
142,CREDITO,1118-1706-1888-1722,ACTIVA
143,CREDITO,1118-1798-1760-1691,ACTIVA
144,CREDITO,1111-1447-1931-1669,ACTIVA
145,CREDITO,1117-1322-1545-1877,ACTIVA
146,CREDITO,1111-1210-1639-1201,ACTIVA
147,CREDITO,1118-1873-1611-1497,ACTIVA
148,CREDITO,1117-1302-1346-1376,ACTIVA
149,CREDITO,1116-1193-1739-1298,ACTIVA
150,CREDITO,1114-1450-1905-1368,ACTIVA
151,CREDITO,1111-1979-1457-1939,ACTIVA
152,CREDITO,1111-1115-1825-1732,ACTIVA
153,CREDITO,1119-1533-1860-1171,ACTIVA
154,CREDITO,1119-1329-1268-1376,ACTIVA
155,CREDITO,1116-1445-1203-1270,ACTIVA
156,CREDITO,1114-1401-1658-1392,ACTIVA
157,CREDITO,1111-1790-1340-1326,ACTIVA
158,CREDITO,1116-1735-1363-1996,ACTIVA
159,CREDITO,1115-1938-1722-1939,ACTIVA
160,CREDITO,1114-1906-1571-1357,ACTIVA
161,CREDITO,1117-1556-1490-1129,ACTIVA
162,CREDITO,1119-1478-1893-1482,ACTIVA
163,CREDITO,1117-1597-1408-1942,ACTIVA
164,CREDITO,1114-1932-1280-1299,ACTIVA
165,CREDITO,1111-1644-1658-1258,ACTIVA
166,CREDITO,1119-1642-1768-1376,ACTIVA
167,CREDITO,1114-1616-1816-1205,ACTIVA
168,CREDITO,1118-1519-1706-1238,ACTIVA
169,CREDITO,1112-1372-1701-1766,ACTIVA
170,CREDITO,1119-1320-1416-1252,ACTIVA
171,CREDITO,1111-1847-1615-1752,ACTIVA
172,CREDITO,1117-1856-1425-1176,ACTIVA
173,CREDITO,1119-1804-1339-1236,ACTIVA
174,CREDITO,1117-1200-1286-1802,ACTIVA
175,CREDITO,1117-1256-1952-1896,ACTIVA
176,CREDITO,1111-1322-1156-1960,ACTIVA
177,CREDITO,1116-1776-1731-1458,ACTIVA
178,CREDITO,1119-1526-1959-1156,ACTIVA
179,CREDITO,1115-1800-1622-1965,ACTIVA
180,CREDITO,1113-1186-1574-1264,ACTIVA
181,CREDITO,1111-1840-1662-1734,ACTIVA
182,CREDITO,1112-1824-1692-1978,ACTIVA
183,CREDITO,1114-1591-1959-1921,ACTIVA
184,CREDITO,1116-1910-1850-1386,ACTIVA
185,CREDITO,1115-1346-1611-1657,ACTIVA
186,CREDITO,1111-1594-1462-1156,ACTIVA
187,CREDITO,1112-1166-1510-1512,ACTIVA
188,CREDITO,1118-1556-1517-1480,ACTIVA
189,CREDITO,1116-1563-1916-1508,ACTIVA
190,CREDITO,1117-1835-1570-1497,ACTIVA
191,CREDITO,1118-1500-1512-1337,ACTIVA
192,CREDITO,1114-1250-1667-1772,ACTIVA
193,CREDITO,1119-1287-1409-1866,ACTIVA
194,CREDITO,1113-1561-1215-1605,ACTIVA
195,CREDITO,1119-1943-1790-1487,ACTIVA
196,CREDITO,1116-1600-1466-1765,ACTIVA
197,CREDITO,1116-1377-1465-1692,ACTIVA
198,CREDITO,1117-1746-1320-1513,ACTIVA
199,CREDITO,1113-1140-1196-1429,ACTIVA
200,CREDITO,1116-1829-1930-1514,ACTIVA
201,CREDITO,1111-1236-1784-1937,ACTIVA
202,CREDITO,1112-1623-1390-1159,ACTIVA
203,CREDITO,1112-1171-1535-1696,ACTIVA
204,CREDITO,1112-1878-1351-1286,ACTIVA
205,CREDITO,1117-1848-1183-1670,ACTIVA
206,CREDITO,1117-1393-1263-1738,ACTIVA
207,CREDITO,1113-1400-1593-1568,ACTIVA
208,CREDITO,1118-1296-1988-1875,ACTIVA
209,CREDITO,1111-1756-1786-1267,ACTIVA
210,CREDITO,1115-1987-1286-1502,ACTIVA
211,CREDITO,1114-1727-1704-1888,ACTIVA
212,CREDITO,1114-1502-1200-1243,ACTIVA
213,CREDITO,1111-1303-1810-1694,ACTIVA
214,CREDITO,1114-1206-1477-1577,ACTIVA
215,CREDITO,1112-1351-1409-1417,ACTIVA
216,CREDITO,1115-1579-1847-1134,ACTIVA
217,CREDITO,1112-1605-1347-1597,ACTIVA
218,CREDITO,1112-1739-1204-1163,ACTIVA
219,CREDITO,1119-1677-1985-1674,ACTIVA
220,CREDITO,1114-1701-1635-1839,ACTIVA
221,CREDITO,1117-1779-1300-1369,ACTIVA
222,CREDITO,1114-1644-1260-1883,ACTIVA
223,CREDITO,1118-1536-1259-1590,ACTIVA
224,CREDITO,1118-1523-1480-1159,ACTIVA
225,CREDITO,1118-1812-1797-1298,ACTIVA
226,CREDITO,1111-1862-1934-1890,ACTIVA
227,CREDITO,1116-1586-1212-1164,ACTIVA
228,CREDITO,1117-1319-1357-1721,ACTIVA
229,CREDITO,1114-1662-1987-1890,ACTIVA
230,CREDITO,1113-1825-1431-1323,ACTIVA
231,CREDITO,1119-1878-1956-1386,ACTIVA
232,CREDITO,1116-1329-1679-1844,ACTIVA
233,CREDITO,1115-1335-1399-1865,ACTIVA
234,CREDITO,1119-1951-1130-1533,ACTIVA
235,CREDITO,1112-1404-1154-1972,ACTIVA
236,CREDITO,1116-1863-1253-1937,ACTIVA
237,CREDITO,1113-1360-1443-1425,ACTIVA
238,CREDITO,1113-1122-1449-1852,ACTIVA
239,CREDITO,1113-1559-1430-1682,ACTIVA
240,CREDITO,1119-1792-1876-1404,ACTIVA
241,CREDITO,1117-1255-1632-1158,ACTIVA
242,CREDITO,1111-1973-1859-1775,ACTIVA
243,CREDITO,1114-1916-1813-1536,ACTIVA
244,CREDITO,1116-1400-1996-1466,ACTIVA
245,CREDITO,1113-1928-1341-1852,ACTIVA
246,CREDITO,1119-1285-1572-1558,ACTIVA
247,CREDITO,1117-1425-1758-1470,ACTIVA
248,CREDITO,1116-1468-1725-1801,ACTIVA
249,CREDITO,1113-1866-1610-1849,ACTIVA
250,CREDITO,1119-1869-1589-1812,ACTIVA
251,CREDITO,1113-1199-1167-1439,ACTIVA
252,CREDITO,1114-1635-1866-1412,ACTIVA
253,CREDITO,1114-1353-1228-1618,ACTIVA
254,CREDITO,1116-1813-1555-1182,ACTIVA
255,CREDITO,1111-1731-1519-1114,ACTIVA
256,CREDITO,1112-1425-1828-1721,ACTIVA
257,CREDITO,1117-1732-1324-1557,ACTIVA
258,CREDITO,1111-1202-1439-1572,ACTIVA
259,CREDITO,1113-1830-1305-1780,ACTIVA
260,CREDITO,1116-1583-1476-1865,ACTIVA
261,CREDITO,1116-1353-1354-1383,ACTIVA
262,CREDITO,1118-1787-1816-1475,ACTIVA
263,CREDITO,1111-1487-1732-1523,ACTIVA
264,CREDITO,1119-1308-1762-1492,ACTIVA
265,CREDITO,1113-1290-1432-1729,ACTIVA
266,CREDITO,1115-1158-1920-1196,ACTIVA
267,CREDITO,1111-1981-1574-1260,ACTIVA
268,CREDITO,1118-1214-1492-1321,ACTIVA
269,CREDITO,1119-1340-1982-1933,ACTIVA
270,CREDITO,1119-1604-1461-1675,ACTIVA
271,CREDITO,1118-1442-1201-1762,ACTIVA
272,CREDITO,1115-1779-1118-1435,ACTIVA
273,CREDITO,1112-1847-1242-1536,ACTIVA
274,CREDITO,1114-1478-1497-1239,ACTIVA
275,CREDITO,1119-1357-1471-1164,ACTIVA
276,CREDITO,1117-1696-1953-1182,ACTIVA
277,CREDITO,1116-1947-1794-1422,ACTIVA
278,CREDITO,1119-1541-1763-1627,ACTIVA
279,CREDITO,1115-1471-1853-1339,ACTIVA
280,CREDITO,1111-1708-1886-1629,ACTIVA
281,CREDITO,1114-1740-1526-1418,ACTIVA
282,CREDITO,1114-1528-1876-1280,ACTIVA
283,CREDITO,1116-1353-1495-1987,ACTIVA
284,CREDITO,1118-1142-1132-1791,ACTIVA
285,CREDITO,1117-1359-1571-1665,ACTIVA
286,CREDITO,1113-1903-1279-1340,ACTIVA
287,CREDITO,1119-1570-1622-1910,ACTIVA
288,CREDITO,1112-1442-1190-1161,ACTIVA
289,CREDITO,1113-1130-1337-1952,ACTIVA
290,CREDITO,1113-1437-1286-1123,ACTIVA
291,CREDITO,1113-1787-1690-1287,ACTIVA
292,CREDITO,1119-1908-1396-1643,ACTIVA
293,CREDITO,1113-1699-1862-1479,ACTIVA
294,CREDITO,1112-1493-1791-1618,ACTIVA
295,CREDITO,1117-1459-1211-1706,ACTIVA
296,CREDITO,1111-1387-1377-1317,ACTIVA
297,CREDITO,1112-1707-1875-1572,ACTIVA
298,CREDITO,1117-1479-1798-1147,ACTIVA
299,CREDITO,1111-1116-1440-1203,ACTIVA
300,CREDITO,1119-1837-1368-1829,ACTIVA
301,CREDITO,1115-1699-1692-1557,ACTIVA
302,CREDITO,1114-1997-1532-1230,ACTIVA
303,CREDITO,1119-1596-1271-1418,ACTIVA
304,CREDITO,1111-1869-1682-1232,ACTIVA
305,CREDITO,1112-1966-1205-1632,ACTIVA
306,CREDITO,1115-1741-1331-1923,ACTIVA
307,CREDITO,1116-1565-1640-1833,ACTIVA
308,CREDITO,1115-1208-1292-1290,ACTIVA
309,CREDITO,1113-1708-1349-1454,ACTIVA
310,CREDITO,1113-1322-1897-1538,ACTIVA
311,CREDITO,1112-1732-1558-1128,ACTIVA
312,CREDITO,1117-1838-1462-1600,ACTIVA
313,CREDITO,1111-1879-1720-1951,ACTIVA
314,CREDITO,1116-1300-1278-1146,ACTIVA
315,CREDITO,1113-1157-1679-1200,ACTIVA
316,CREDITO,1115-1518-1995-1694,ACTIVA
317,CREDITO,1117-1163-1821-1670,ACTIVA
318,CREDITO,1112-1834-1704-1909,ACTIVA
319,CREDITO,1115-1343-1568-1815,ACTIVA
320,CREDITO,1117-1140-1200-1414,ACTIVA
321,CREDITO,1119-1770-1526-1909,ACTIVA
322,CREDITO,1115-1926-1837-1243,ACTIVA
323,CREDITO,1112-1602-1210-1698,ACTIVA
324,CREDITO,1111-1877-1961-1467,ACTIVA
325,CREDITO,1116-1470-1948-1348,ACTIVA
326,CREDITO,1117-1518-1767-1178,ACTIVA
327,CREDITO,1117-1139-1113-1698,ACTIVA
328,CREDITO,1111-1111-1306-1530,ACTIVA
329,CREDITO,1113-1179-1609-1843,ACTIVA
330,CREDITO,1116-1635-1530-1617,ACTIVA
331,CREDITO,1118-1118-1738-1850,ACTIVA
332,CREDITO,1119-1529-1409-1312,ACTIVA
333,CREDITO,1112-1164-1728-1177,ACTIVA
334,CREDITO,1111-1457-1745-1502,ACTIVA
335,CREDITO,1112-1321-1728-1985,ACTIVA
336,CREDITO,1116-1789-1595-1936,ACTIVA
337,CREDITO,1111-1798-1954-1239,ACTIVA
338,CREDITO,1114-1407-1344-1338,ACTIVA
339,CREDITO,1116-1368-1121-1789,ACTIVA
340,CREDITO,1117-1440-1672-1185,ACTIVA
341,CREDITO,1113-1593-1504-1743,ACTIVA
342,CREDITO,1111-1209-1333-1539,ACTIVA
343,CREDITO,1115-1562-1614-1890,ACTIVA
344,CREDITO,1116-1479-1871-1406,ACTIVA
345,CREDITO,1116-1647-1689-1202,ACTIVA
346,CREDITO,1119-1670-1503-1269,ACTIVA
347,CREDITO,1118-1126-1168-1287,ACTIVA
348,CREDITO,1117-1752-1509-1787,ACTIVA
349,CREDITO,1116-1146-1341-1504,ACTIVA
350,CREDITO,1115-1974-1809-1402,ACTIVA
351,CREDITO,1111-1810-1552-1684,ACTIVA
352,CREDITO,1113-1526-1205-1440,ACTIVA
353,CREDITO,1118-1460-1281-1158,ACTIVA
354,CREDITO,1115-1840-1483-1525,ACTIVA
355,CREDITO,1112-1181-1778-1855,ACTIVA
356,CREDITO,1119-1264-1475-1538,ACTIVA
357,CREDITO,1116-1361-1485-1454,ACTIVA
358,CREDITO,1116-1658-1801-1916,ACTIVA
359,CREDITO,1117-1261-1242-1482,ACTIVA
360,CREDITO,1115-1188-1652-1372,ACTIVA
361,CREDITO,1111-1893-1667-1412,ACTIVA
362,CREDITO,1118-1480-1821-1474,ACTIVA
363,CREDITO,1113-1515-1586-1474,ACTIVA
364,CREDITO,1113-1712-1766-1506,ACTIVA
365,CREDITO,1119-1660-1466-1116,ACTIVA
366,CREDITO,1115-1996-1191-1399,ACTIVA
367,CREDITO,1113-1343-1713-1114,ACTIVA
368,CREDITO,1119-1332-1698-1688,ACTIVA
369,CREDITO,1119-1947-1428-1683,ACTIVA
370,CREDITO,1118-1650-1568-1407,ACTIVA
371,CREDITO,1119-1842-1116-1788,ACTIVA
372,CREDITO,1114-1289-1189-1776,ACTIVA
373,CREDITO,1116-1959-1415-1507,ACTIVA
374,CREDITO,1115-1250-1155-1318,ACTIVA
375,CREDITO,1112-1586-1528-1452,ACTIVA
376,CREDITO,1113-1324-1236-1876,ACTIVA
377,CREDITO,1116-1938-1721-1119,ACTIVA
378,CREDITO,1117-1404-1209-1616,ACTIVA
379,CREDITO,1116-1127-1756-1308,ACTIVA
380,CREDITO,1118-1417-1626-1384,ACTIVA
381,CREDITO,1118-1907-1328-1115,ACTIVA
382,CREDITO,1116-1640-1397-1333,ACTIVA
383,CREDITO,1115-1969-1286-1572,ACTIVA
384,CREDITO,1112-1812-1247-1833,ACTIVA
385,CREDITO,1111-1885-1414-1856,ACTIVA
386,CREDITO,1115-1944-1907-1191,ACTIVA
387,CREDITO,1118-1571-1975-1713,ACTIVA
388,CREDITO,1119-1205-1735-1400,ACTIVA
389,CREDITO,1113-1537-1921-1346,ACTIVA
390,CREDITO,1117-1896-1390-1268,ACTIVA
391,CREDITO,1112-1269-1274-1922,ACTIVA
392,CREDITO,1112-1430-1525-1603,ACTIVA
393,CREDITO,1119-1389-1721-1804,ACTIVA
394,CREDITO,1111-1997-1665-1935,ACTIVA
395,CREDITO,1119-1213-1728-1575,ACTIVA
396,CREDITO,1111-1754-1980-1312,ACTIVA
397,CREDITO,1113-1816-1151-1684,ACTIVA
398,CREDITO,1118-1481-1904-1908,ACTIVA
399,CREDITO,1116-1562-1733-1245,ACTIVA
400,CREDITO,1115-1197-1473-1272,ACTIVA
401,CREDITO,1115-1584-1319-1225,ACTIVA
402,CREDITO,1113-1627-1166-1643,ACTIVA
403,CREDITO,1116-1489-1908-1757,ACTIVA
404,CREDITO,1116-1940-1465-1363,ACTIVA
405,CREDITO,1114-1529-1245-1551,ACTIVA
406,CREDITO,1117-1822-1437-1724,ACTIVA
407,CREDITO,1111-1718-1831-1267,ACTIVA
408,CREDITO,1116-1230-1729-1916,ACTIVA
409,CREDITO,1113-1743-1374-1232,ACTIVA
410,CREDITO,1111-1687-1903-1696,ACTIVA
411,CREDITO,1118-1599-1585-1626,ACTIVA
412,CREDITO,1116-1261-1997-1808,ACTIVA
413,CREDITO,1119-1941-1680-1166,ACTIVA
414,CREDITO,1118-1218-1350-1367,ACTIVA
415,CREDITO,1111-1545-1537-1421,ACTIVA
416,CREDITO,1118-1173-1726-1630,ACTIVA
417,CREDITO,1114-1503-1814-1287,ACTIVA
418,CREDITO,1118-1526-1479-1172,ACTIVA
419,CREDITO,1116-1427-1502-1424,ACTIVA
420,CREDITO,1118-1294-1757-1621,ACTIVA
421,CREDITO,1111-1661-1777-1484,ACTIVA
422,CREDITO,1114-1983-1756-1701,ACTIVA
423,CREDITO,1113-1376-1495-1913,ACTIVA
424,CREDITO,1114-1555-1552-1635,ACTIVA
425,CREDITO,1117-1213-1506-1918,ACTIVA
426,CREDITO,1116-1621-1253-1343,ACTIVA
427,CREDITO,1119-1216-1320-1997,ACTIVA
428,CREDITO,1113-1316-1676-1583,ACTIVA
429,CREDITO,1111-1884-1158-1584,ACTIVA
430,CREDITO,1118-1611-1462-1423,ACTIVA
431,CREDITO,1118-1920-1251-1287,ACTIVA
432,CREDITO,1112-1176-1314-1348,ACTIVA
433,CREDITO,1116-1778-1958-1855,ACTIVA
434,CREDITO,1116-1893-1736-1316,ACTIVA
435,CREDITO,1113-1686-1359-1216,ACTIVA
436,CREDITO,1116-1318-1898-1534,ACTIVA
437,CREDITO,1112-1617-1991-1856,ACTIVA
438,CREDITO,1111-1328-1506-1948,ACTIVA
439,CREDITO,1118-1679-1157-1565,ACTIVA
440,CREDITO,1112-1472-1736-1506,ACTIVA
441,CREDITO,1115-1851-1820-1151,ACTIVA
442,CREDITO,1117-1261-1774-1615,ACTIVA
443,CREDITO,1117-1294-1559-1528,ACTIVA
444,CREDITO,1114-1269-1351-1635,ACTIVA
445,CREDITO,1118-1628-1829-1405,ACTIVA
446,CREDITO,1116-1214-1187-1876,ACTIVA
447,CREDITO,1113-1424-1871-1674,ACTIVA
448,CREDITO,1115-1480-1279-1123,ACTIVA
449,CREDITO,1115-1725-1798-1272,ACTIVA
450,CREDITO,1118-1299-1636-1545,ACTIVA
451,CREDITO,1114-1123-1431-1895,ACTIVA
452,CREDITO,1114-1601-1583-1588,ACTIVA
453,CREDITO,1114-1591-1327-1406,ACTIVA
454,CREDITO,1114-1327-1729-1852,ACTIVA
455,CREDITO,1119-1299-1768-1808,ACTIVA
456,CREDITO,1114-1591-1340-1246,ACTIVA
457,CREDITO,1113-1138-1535-1417,ACTIVA
458,CREDITO,1116-1395-1582-1857,ACTIVA
459,CREDITO,1119-1440-1929-1439,ACTIVA
460,CREDITO,1112-1927-1445-1613,ACTIVA
461,CREDITO,1116-1720-1807-1436,ACTIVA
462,CREDITO,1114-1768-1971-1811,ACTIVA
463,CREDITO,1119-1383-1783-1937,ACTIVA
464,CREDITO,1118-1518-1642-1218,ACTIVA
465,CREDITO,1116-1250-1469-1425,ACTIVA
466,CREDITO,1114-1493-1642-1345,ACTIVA
467,CREDITO,1116-1895-1907-1568,ACTIVA
468,CREDITO,1111-1461-1540-1145,ACTIVA
469,CREDITO,1118-1510-1520-1572,ACTIVA
470,CREDITO,1116-1879-1364-1744,ACTIVA
471,CREDITO,1115-1399-1942-1342,ACTIVA
472,CREDITO,1117-1281-1344-1412,ACTIVA
473,CREDITO,1118-1697-1248-1169,ACTIVA
474,CREDITO,1115-1496-1241-1527,ACTIVA
475,CREDITO,1112-1571-1875-1722,ACTIVA
476,CREDITO,1115-1356-1139-1418,ACTIVA
477,CREDITO,1117-1129-1415-1640,ACTIVA
478,CREDITO,1116-1987-1616-1931,ACTIVA
479,CREDITO,1111-1546-1139-1748,ACTIVA
480,CREDITO,1114-1212-1718-1165,ACTIVA
481,CREDITO,1113-1782-1203-1610,ACTIVA
482,CREDITO,1116-1774-1898-1831,ACTIVA
483,CREDITO,1115-1360-1232-1628,ACTIVA
484,CREDITO,1118-1879-1644-1712,ACTIVA
485,CREDITO,1114-1531-1463-1568,ACTIVA
486,CREDITO,1115-1487-1951-1858,ACTIVA
487,CREDITO,1114-1606-1893-1692,ACTIVA
488,CREDITO,1119-1800-1677-1200,ACTIVA
489,CREDITO,1114-1415-1921-1262,ACTIVA
490,CREDITO,1113-1352-1726-1962,ACTIVA
491,CREDITO,1118-1841-1590-1525,ACTIVA
492,CREDITO,1118-1917-1688-1217,ACTIVA
493,CREDITO,1114-1853-1756-1866,ACTIVA
494,CREDITO,1112-1125-1607-1414,ACTIVA
495,CREDITO,1117-1214-1376-1539,ACTIVA
496,CREDITO,1112-1493-1296-1796,ACTIVA
497,CREDITO,1115-1767-1172-1285,ACTIVA
498,CREDITO,1113-1807-1958-1157,ACTIVA
499,CREDITO,1119-1169-1363-1411,ACTIVA
500,CREDITO,1117-1848-1153-1337,ACTIVA
501,CREDITO,1117-1668-1869-1959,ACTIVA
502,CREDITO,1115-1388-1213-1796,ACTIVA
503,CREDITO,1117-1818-1338-1642,ACTIVA
504,CREDITO,1116-1702-1741-1735,ACTIVA
505,CREDITO,1117-1785-1168-1614,ACTIVA
506,CREDITO,1118-1415-1763-1633,ACTIVA
507,CREDITO,1117-1879-1585-1127,ACTIVA
508,CREDITO,1114-1295-1819-1354,ACTIVA
509,CREDITO,1119-1186-1851-1450,ACTIVA
510,CREDITO,1119-1481-1549-1157,ACTIVA
511,CREDITO,1115-1741-1770-1439,ACTIVA
512,CREDITO,1116-1754-1578-1134,ACTIVA
513,CREDITO,1119-1458-1985-1350,ACTIVA
514,CREDITO,1114-1784-1702-1591,ACTIVA
515,CREDITO,1112-1382-1287-1116,ACTIVA
516,CREDITO,1114-1260-1372-1307,ACTIVA
517,CREDITO,1115-1950-1716-1983,ACTIVA
518,CREDITO,1111-1152-1712-1927,ACTIVA
519,CREDITO,1115-1951-1178-1116,ACTIVA
520,CREDITO,1115-1822-1170-1304,ACTIVA
521,CREDITO,1114-1942-1399-1149,ACTIVA
522,CREDITO,1113-1128-1263-1850,ACTIVA
523,CREDITO,1115-1940-1507-1960,ACTIVA
524,CREDITO,1113-1496-1531-1181,ACTIVA
525,CREDITO,1118-1562-1682-1623,ACTIVA
526,CREDITO,1119-1736-1723-1605,ACTIVA
527,CREDITO,1118-1200-1241-1336,ACTIVA
528,CREDITO,1114-1470-1842-1799,ACTIVA
529,CREDITO,1116-1146-1635-1296,ACTIVA
530,CREDITO,1117-1976-1301-1870,ACTIVA
531,CREDITO,1111-1310-1619-1771,ACTIVA
532,CREDITO,1111-1631-1537-1660,ACTIVA
533,CREDITO,1117-1199-1207-1327,ACTIVA
534,CREDITO,1111-1339-1423-1554,ACTIVA
535,CREDITO,1116-1810-1309-1966,ACTIVA
536,CREDITO,1112-1941-1827-1922,ACTIVA
537,CREDITO,1119-1608-1634-1662,ACTIVA
538,CREDITO,1117-1527-1549-1257,ACTIVA
539,CREDITO,1116-1181-1973-1187,ACTIVA
540,CREDITO,1119-1841-1598-1192,ACTIVA
541,CREDITO,1118-1642-1612-1436,ACTIVA
542,CREDITO,1116-1641-1315-1757,ACTIVA
543,CREDITO,1117-1715-1899-1954,ACTIVA
544,CREDITO,1116-1188-1612-1955,ACTIVA
545,CREDITO,1111-1281-1513-1315,ACTIVA
546,CREDITO,1111-1251-1207-1671,ACTIVA
547,CREDITO,1117-1985-1615-1830,ACTIVA
548,CREDITO,1117-1263-1549-1794,ACTIVA
549,CREDITO,1112-1362-1202-1468,ACTIVA
550,CREDITO,1114-1405-1377-1791,ACTIVA
551,CREDITO,1113-1444-1932-1599,ACTIVA
552,CREDITO,1116-1635-1900-1961,ACTIVA
553,CREDITO,1114-1727-1780-1940,ACTIVA
554,CREDITO,1114-1657-1741-1296,ACTIVA
555,CREDITO,1112-1625-1721-1696,ACTIVA
556,CREDITO,1114-1662-1560-1421,ACTIVA
557,CREDITO,1115-1723-1636-1392,ACTIVA
558,CREDITO,1119-1609-1474-1926,ACTIVA
559,CREDITO,1114-1255-1774-1920,ACTIVA
560,CREDITO,1118-1781-1903-1666,ACTIVA
561,CREDITO,1112-1914-1548-1645,ACTIVA
562,CREDITO,1112-1714-1862-1112,ACTIVA
563,CREDITO,1112-1404-1931-1551,ACTIVA
564,CREDITO,1114-1140-1949-1348,ACTIVA
565,CREDITO,1117-1410-1445-1434,ACTIVA
566,CREDITO,1112-1470-1896-1494,ACTIVA
567,CREDITO,1115-1125-1519-1279,ACTIVA
568,CREDITO,1118-1195-1124-1170,ACTIVA
569,CREDITO,1119-1948-1557-1272,ACTIVA
570,CREDITO,1119-1318-1773-1830,ACTIVA
571,CREDITO,1114-1405-1727-1835,ACTIVA
572,CREDITO,1116-1221-1157-1387,ACTIVA
573,CREDITO,1115-1896-1749-1457,ACTIVA
574,CREDITO,1118-1836-1206-1222,ACTIVA
575,CREDITO,1119-1601-1164-1317,ACTIVA
576,CREDITO,1115-1566-1931-1564,ACTIVA
577,CREDITO,1114-1638-1575-1931,ACTIVA
578,CREDITO,1117-1797-1700-1821,ACTIVA
579,CREDITO,1116-1971-1618-1447,ACTIVA
580,CREDITO,1119-1889-1447-1571,ACTIVA
581,CREDITO,1113-1137-1143-1941,ACTIVA
582,CREDITO,1119-1260-1168-1697,ACTIVA
583,CREDITO,1115-1705-1170-1525,ACTIVA
584,CREDITO,1111-1267-1471-1755,ACTIVA
585,CREDITO,1115-1613-1183-1490,ACTIVA
586,CREDITO,1113-1490-1498-1124,ACTIVA
587,CREDITO,1115-1238-1854-1410,ACTIVA
588,CREDITO,1115-1652-1205-1587,ACTIVA
589,CREDITO,1119-1658-1943-1706,ACTIVA
590,CREDITO,1116-1410-1687-1906,ACTIVA
591,CREDITO,1118-1484-1902-1711,ACTIVA
592,CREDITO,1114-1437-1150-1627,ACTIVA
593,CREDITO,1114-1745-1274-1382,ACTIVA
594,CREDITO,1112-1138-1718-1784,ACTIVA
595,CREDITO,1116-1368-1822-1821,ACTIVA
596,CREDITO,1111-1689-1322-1917,ACTIVA
597,CREDITO,1119-1629-1497-1898,ACTIVA
598,CREDITO,1113-1767-1374-1226,ACTIVA
599,CREDITO,1119-1206-1853-1614,DESACTIVADA
600,CREDITO,1111-1111-1111-1234,DESACTIVADA
601,CREDITO,1111-1111-1111-1235,ACTIVADA
602,CREDITO,1111-1111-1111-1235,SIN ASIGNAR
603,DEBITO,1118-1408-1712-1740,ACTIVA
604,DEBITO,1117-1486-1342-1448,ACTIVA
605,DEBITO,1111-1575-1292-1657,ACTIVA
606,DEBITO,1119-1247-1422-1778,ACTIVA
607,DEBITO,1115-1184-1340-1603,ACTIVA
608,DEBITO,1117-1576-1983-1319,ACTIVA
609,DEBITO,1118-1127-1799-1182,ACTIVA
610,DEBITO,1111-1530-1438-1196,ACTIVA
611,DEBITO,1118-1557-1577-1169,ACTIVA
612,DEBITO,1116-1183-1922-1638,ACTIVA
613,DEBITO,1118-1166-1111-1737,ACTIVA
614,DEBITO,1114-1147-1752-1368,ACTIVA
615,DEBITO,1112-1642-1359-1282,ACTIVA
616,DEBITO,1118-1332-1502-1262,ACTIVA
617,DEBITO,1114-1317-1403-1345,ACTIVA
618,DEBITO,1117-1300-1979-1841,ACTIVA
619,DEBITO,1115-1626-1426-1157,ACTIVA
620,DEBITO,1115-1377-1472-1899,ACTIVA
621,DEBITO,1112-1544-1841-1809,ACTIVA
622,DEBITO,1112-1808-1964-1571,ACTIVA
623,DEBITO,1116-1385-1776-1539,ACTIVA
624,DEBITO,1111-1229-1584-1178,ACTIVA
625,DEBITO,1118-1576-1312-1931,ACTIVA
626,DEBITO,1117-1473-1138-1526,ACTIVA
627,DEBITO,1114-1140-1940-1141,ACTIVA
628,DEBITO,1119-1960-1490-1751,ACTIVA
629,DEBITO,1114-1957-1942-1710,ACTIVA
630,DEBITO,1114-1312-1948-1817,ACTIVA
631,DEBITO,1111-1257-1660-1195,ACTIVA
632,DEBITO,1116-1178-1426-1571,ACTIVA
633,DEBITO,1118-1515-1620-1526,ACTIVA
634,DEBITO,1119-1831-1214-1388,ACTIVA
635,DEBITO,1116-1206-1218-1448,ACTIVA
636,DEBITO,1116-1256-1270-1957,ACTIVA
637,DEBITO,1119-1451-1752-1113,ACTIVA
638,DEBITO,1119-1757-1398-1530,ACTIVA
639,DEBITO,1117-1375-1960-1700,ACTIVA
640,DEBITO,1118-1616-1216-1173,ACTIVA
641,DEBITO,1116-1905-1449-1121,ACTIVA
642,DEBITO,1113-1691-1437-1500,ACTIVA
643,DEBITO,1117-1712-1516-1626,ACTIVA
644,DEBITO,1114-1312-1158-1628,ACTIVA
645,DEBITO,1115-1147-1912-1369,ACTIVA
646,DEBITO,1118-1533-1545-1445,ACTIVA
647,DEBITO,1117-1599-1580-1388,ACTIVA
648,DEBITO,1112-1466-1288-1437,ACTIVA
649,DEBITO,1117-1422-1157-1183,ACTIVA
650,DEBITO,1116-1521-1747-1532,ACTIVA
651,DEBITO,1118-1475-1956-1280,ACTIVA
652,DEBITO,1111-1429-1777-1774,ACTIVA
653,DEBITO,1113-1300-1420-1692,ACTIVA
654,DEBITO,1115-1907-1185-1305,ACTIVA
655,DEBITO,1119-1464-1963-1506,ACTIVA
656,DEBITO,1117-1711-1211-1191,ACTIVA
657,DEBITO,1115-1782-1543-1274,ACTIVA
658,DEBITO,1116-1213-1609-1177,ACTIVA
659,DEBITO,1117-1430-1706-1756,ACTIVA
660,DEBITO,1115-1839-1355-1153,ACTIVA
661,DEBITO,1111-1577-1261-1635,ACTIVA
662,DEBITO,1115-1514-1285-1688,ACTIVA
663,DEBITO,1116-1232-1921-1566,ACTIVA
664,DEBITO,1112-1923-1948-1900,ACTIVA
665,DEBITO,1117-1161-1187-1485,ACTIVA
666,DEBITO,1117-1692-1231-1201,ACTIVA
667,DEBITO,1114-1560-1225-1264,ACTIVA
668,DEBITO,1116-1464-1281-1569,ACTIVA
669,DEBITO,1112-1454-1816-1185,ACTIVA
670,DEBITO,1117-1312-1901-1417,ACTIVA
671,DEBITO,1111-1597-1159-1589,ACTIVA
672,DEBITO,1112-1429-1473-1574,ACTIVA
673,DEBITO,1114-1405-1890-1377,ACTIVA
674,DEBITO,1111-1291-1872-1486,ACTIVA
675,DEBITO,1119-1759-1984-1263,ACTIVA
676,DEBITO,1113-1817-1455-1770,ACTIVA
677,DEBITO,1118-1855-1338-1869,ACTIVA
678,DEBITO,1119-1418-1472-1686,ACTIVA
679,DEBITO,1112-1982-1591-1765,ACTIVA
680,DEBITO,1113-1245-1498-1144,ACTIVA
681,DEBITO,1119-1323-1321-1618,ACTIVA
682,DEBITO,1115-1675-1662-1629,ACTIVA
683,DEBITO,1116-1908-1116-1263,ACTIVA
684,DEBITO,1115-1375-1351-1439,ACTIVA
685,DEBITO,1116-1501-1331-1598,ACTIVA
686,DEBITO,1116-1804-1225-1390,ACTIVA
687,DEBITO,1113-1778-1399-1423,ACTIVA
688,DEBITO,1116-1813-1330-1503,ACTIVA
689,DEBITO,1115-1806-1611-1269,ACTIVA
690,DEBITO,1119-1288-1494-1490,ACTIVA
691,DEBITO,1113-1583-1120-1948,ACTIVA
692,DEBITO,1115-1155-1329-1776,ACTIVA
693,DEBITO,1113-1199-1795-1196,ACTIVA
694,DEBITO,1114-1615-1693-1704,ACTIVA
695,DEBITO,1113-1322-1940-1490,ACTIVA
696,DEBITO,1111-1534-1863-1887,ACTIVA
697,DEBITO,1116-1264-1430-1836,ACTIVA
698,DEBITO,1115-1782-1353-1684,ACTIVA
699,DEBITO,1117-1444-1172-1248,ACTIVA
700,DEBITO,1111-1772-1162-1724,ACTIVA
701,DEBITO,1119-1711-1415-1876,ACTIVA
702,DEBITO,1113-1590-1825-1785,ACTIVA
703,DEBITO,1113-1549-1448-1967,ACTIVA
704,DEBITO,1119-1886-1707-1981,ACTIVA
705,DEBITO,1114-1738-1811-1521,ACTIVA
706,DEBITO,1114-1461-1545-1942,ACTIVA
707,DEBITO,1119-1847-1289-1225,ACTIVA
708,DEBITO,1118-1647-1321-1246,ACTIVA
709,DEBITO,1116-1888-1332-1392,ACTIVA
710,DEBITO,1118-1666-1441-1410,ACTIVA
711,DEBITO,1114-1256-1496-1988,ACTIVA
712,DEBITO,1114-1986-1784-1702,ACTIVA
713,DEBITO,1114-1255-1977-1928,ACTIVA
714,DEBITO,1115-1781-1142-1833,ACTIVA
715,DEBITO,1112-1174-1637-1399,ACTIVA
716,DEBITO,1117-1463-1579-1817,ACTIVA
717,DEBITO,1117-1889-1455-1809,ACTIVA
718,DEBITO,1119-1236-1553-1225,ACTIVA
719,DEBITO,1114-1791-1720-1581,ACTIVA
720,DEBITO,1113-1944-1255-1428,ACTIVA
721,DEBITO,1114-1956-1365-1677,ACTIVA
722,DEBITO,1115-1576-1586-1410,ACTIVA
723,DEBITO,1112-1211-1407-1602,ACTIVA
724,DEBITO,1115-1916-1801-1170,ACTIVA
725,DEBITO,1117-1989-1823-1603,ACTIVA
726,DEBITO,1112-1236-1793-1126,ACTIVA
727,DEBITO,1117-1770-1233-1548,ACTIVA
728,DEBITO,1117-1346-1951-1227,ACTIVA
729,DEBITO,1112-1961-1904-1869,ACTIVA
730,DEBITO,1114-1181-1981-1164,ACTIVA
731,DEBITO,1112-1560-1279-1277,ACTIVA
732,DEBITO,1112-1391-1750-1836,ACTIVA
733,DEBITO,1116-1632-1909-1899,ACTIVA
734,DEBITO,1114-1380-1270-1320,ACTIVA
735,DEBITO,1118-1596-1911-1530,ACTIVA
736,DEBITO,1114-1247-1757-1126,ACTIVA
737,DEBITO,1114-1825-1761-1302,ACTIVA
738,DEBITO,1116-1726-1280-1301,ACTIVA
739,DEBITO,1112-1626-1499-1689,ACTIVA
740,DEBITO,1116-1292-1668-1588,ACTIVA
741,DEBITO,1118-1567-1484-1981,ACTIVA
742,DEBITO,1111-1450-1633-1312,ACTIVA
743,DEBITO,1112-1545-1896-1378,ACTIVA
744,DEBITO,1114-1908-1477-1510,ACTIVA
745,DEBITO,1113-1122-1612-1848,ACTIVA
746,DEBITO,1112-1729-1785-1456,ACTIVA
747,DEBITO,1111-1131-1871-1268,ACTIVA
748,DEBITO,1115-1719-1512-1542,ACTIVA
749,DEBITO,1113-1957-1338-1582,ACTIVA
750,DEBITO,1111-1158-1266-1674,ACTIVA
751,DEBITO,1115-1473-1925-1167,ACTIVA
752,DEBITO,1115-1140-1721-1657,ACTIVA
753,DEBITO,1113-1718-1853-1436,ACTIVA
754,DEBITO,1111-1786-1587-1883,ACTIVA
755,DEBITO,1115-1292-1751-1317,ACTIVA
756,DEBITO,1113-1709-1361-1238,ACTIVA
757,DEBITO,1119-1858-1306-1474,ACTIVA
758,DEBITO,1116-1795-1588-1679,ACTIVA
759,DEBITO,1119-1447-1195-1991,ACTIVA
760,DEBITO,1113-1543-1889-1321,ACTIVA
761,DEBITO,1114-1697-1323-1172,ACTIVA
762,DEBITO,1118-1717-1187-1971,ACTIVA
763,DEBITO,1117-1736-1852-1239,ACTIVA
764,DEBITO,1114-1639-1389-1815,ACTIVA
765,DEBITO,1118-1557-1442-1873,ACTIVA
766,DEBITO,1114-1579-1427-1787,ACTIVA
767,DEBITO,1117-1626-1395-1418,ACTIVA
768,DEBITO,1113-1394-1741-1237,ACTIVA
769,DEBITO,1112-1275-1492-1798,ACTIVA
770,DEBITO,1111-1756-1122-1149,ACTIVA
771,DEBITO,1117-1609-1187-1140,ACTIVA
772,DEBITO,1117-1216-1654-1874,ACTIVA
773,DEBITO,1112-1663-1854-1308,ACTIVA
774,DEBITO,1114-1229-1670-1689,ACTIVA
775,DEBITO,1116-1904-1836-1257,ACTIVA
776,DEBITO,1119-1368-1934-1363,ACTIVA
777,DEBITO,1111-1883-1955-1984,ACTIVA
778,DEBITO,1117-1778-1669-1135,ACTIVA
779,DEBITO,1113-1972-1698-1657,ACTIVA
780,DEBITO,1118-1974-1437-1302,ACTIVA
781,DEBITO,1114-1773-1380-1820,ACTIVA
782,DEBITO,1114-1626-1422-1378,ACTIVA
783,DEBITO,1111-1851-1468-1987,ACTIVA
784,DEBITO,1115-1558-1840-1222,ACTIVA
785,DEBITO,1112-1162-1305-1965,ACTIVA
786,DEBITO,1118-1669-1167-1509,ACTIVA
787,DEBITO,1113-1489-1759-1714,ACTIVA
788,DEBITO,1115-1353-1207-1239,ACTIVA
789,DEBITO,1116-1220-1310-1165,ACTIVA
790,DEBITO,1111-1369-1688-1511,ACTIVA
791,DEBITO,1118-1811-1571-1476,ACTIVA
792,DEBITO,1114-1739-1533-1653,ACTIVA
793,DEBITO,1114-1122-1514-1511,ACTIVA
794,DEBITO,1112-1883-1279-1770,ACTIVA
795,DEBITO,1112-1621-1283-1388,ACTIVA
796,DEBITO,1112-1270-1159-1679,ACTIVA
797,DEBITO,1117-1928-1379-1471,ACTIVA
798,DEBITO,1111-1427-1427-1286,ACTIVA
799,DEBITO,1112-1718-1433-1290,ACTIVA
800,DEBITO,1118-1206-1133-1541,ACTIVA
801,DEBITO,1119-1598-1530-1114,ACTIVA
802,DEBITO,1111-1770-1568-1557,ACTIVA
803,DEBITO,1112-1873-1195-1697,ACTIVA
804,DEBITO,1111-1700-1274-1951,ACTIVA
805,DEBITO,1112-1747-1790-1538,ACTIVA
806,DEBITO,1118-1918-1776-1410,ACTIVA
807,DEBITO,1117-1599-1988-1532,ACTIVA
808,DEBITO,1119-1263-1384-1820,ACTIVA
809,DEBITO,1114-1489-1920-1665,ACTIVA
810,DEBITO,1114-1382-1511-1494,ACTIVA
811,DEBITO,1114-1684-1579-1285,ACTIVA
812,DEBITO,1119-1163-1482-1249,ACTIVA
813,DEBITO,1116-1537-1274-1165,ACTIVA
814,DEBITO,1113-1856-1350-1121,ACTIVA
815,DEBITO,1116-1598-1590-1162,ACTIVA
816,DEBITO,1119-1199-1510-1916,ACTIVA
817,DEBITO,1113-1781-1135-1185,ACTIVA
818,DEBITO,1118-1511-1209-1783,ACTIVA
819,DEBITO,1114-1396-1413-1792,ACTIVA
820,DEBITO,1114-1398-1112-1748,ACTIVA
821,DEBITO,1116-1271-1226-1209,ACTIVA
822,DEBITO,1118-1150-1894-1120,ACTIVA
823,DEBITO,1119-1115-1301-1849,ACTIVA
824,DEBITO,1116-1336-1290-1989,ACTIVA
825,DEBITO,1118-1181-1258-1718,ACTIVA
826,DEBITO,1115-1316-1772-1905,ACTIVA
827,DEBITO,1118-1719-1456-1301,ACTIVA
828,DEBITO,1112-1676-1481-1200,ACTIVA
829,DEBITO,1112-1368-1595-1652,ACTIVA
830,DEBITO,1119-1654-1325-1580,ACTIVA
831,DEBITO,1111-1558-1750-1880,ACTIVA
832,DEBITO,1117-1322-1642-1692,ACTIVA
833,DEBITO,1112-1821-1570-1922,ACTIVA
834,DEBITO,1116-1696-1829-1899,ACTIVA
835,DEBITO,1119-1711-1698-1377,ACTIVA
836,DEBITO,1111-1637-1611-1462,ACTIVA
837,DEBITO,1114-1216-1755-1934,ACTIVA
838,DEBITO,1113-1455-1249-1764,ACTIVA
839,DEBITO,1114-1411-1521-1372,ACTIVA
840,DEBITO,1118-1822-1644-1716,ACTIVA
841,DEBITO,1116-1389-1997-1664,ACTIVA
842,DEBITO,1117-1331-1342-1232,ACTIVA
843,DEBITO,1119-1457-1640-1729,ACTIVA
844,DEBITO,1111-1790-1774-1993,ACTIVA
845,DEBITO,1113-1210-1579-1957,ACTIVA
846,DEBITO,1119-1615-1494-1302,ACTIVA
847,DEBITO,1114-1355-1603-1971,ACTIVA
848,DEBITO,1119-1499-1257-1511,ACTIVA
849,DEBITO,1113-1668-1466-1712,ACTIVA
850,DEBITO,1114-1967-1924-1876,ACTIVA
851,DEBITO,1112-1149-1974-1516,ACTIVA
852,DEBITO,1113-1781-1542-1532,ACTIVA
853,DEBITO,1111-1541-1560-1999,ACTIVA
854,DEBITO,1114-1239-1655-1816,ACTIVA
855,DEBITO,1111-1463-1628-1262,ACTIVA
856,DEBITO,1112-1488-1930-1653,ACTIVA
857,DEBITO,1114-1988-1485-1614,ACTIVA
858,DEBITO,1113-1324-1751-1722,ACTIVA
859,DEBITO,1112-1165-1889-1291,ACTIVA
860,DEBITO,1115-1347-1444-1609,ACTIVA
861,DEBITO,1119-1497-1689-1954,ACTIVA
862,DEBITO,1113-1857-1113-1124,ACTIVA
863,DEBITO,1115-1336-1369-1122,ACTIVA
864,DEBITO,1116-1651-1905-1584,ACTIVA
865,DEBITO,1116-1871-1835-1890,ACTIVA
866,DEBITO,1115-1867-1513-1609,ACTIVA
867,DEBITO,1116-1842-1437-1782,ACTIVA
868,DEBITO,1117-1692-1395-1872,ACTIVA
869,DEBITO,1113-1550-1437-1422,ACTIVA
870,DEBITO,1119-1536-1483-1363,ACTIVA
871,DEBITO,1116-1899-1614-1684,ACTIVA
872,DEBITO,1115-1163-1563-1790,ACTIVA
873,DEBITO,1111-1612-1230-1161,ACTIVA
874,DEBITO,1111-1981-1340-1774,ACTIVA
875,DEBITO,1117-1892-1538-1596,ACTIVA
876,DEBITO,1119-1231-1643-1945,ACTIVA
877,DEBITO,1112-1671-1433-1266,ACTIVA
878,DEBITO,1117-1954-1941-1777,ACTIVA
879,DEBITO,1112-1926-1192-1653,ACTIVA
880,DEBITO,1114-1136-1239-1923,ACTIVA
881,DEBITO,1115-1983-1355-1650,ACTIVA
882,DEBITO,1115-1403-1857-1870,ACTIVA
883,DEBITO,1111-1536-1670-1990,ACTIVA
884,DEBITO,1115-1273-1540-1882,ACTIVA
885,DEBITO,1117-1486-1651-1531,ACTIVA
886,DEBITO,1112-1517-1638-1977,ACTIVA
887,DEBITO,1112-1501-1601-1548,ACTIVA
888,DEBITO,1112-1741-1898-1848,ACTIVA
889,DEBITO,1111-1748-1215-1590,ACTIVA
890,DEBITO,1113-1638-1729-1502,ACTIVA
891,DEBITO,1115-1639-1919-1385,ACTIVA
892,DEBITO,1112-1471-1925-1373,ACTIVA
893,DEBITO,1116-1690-1247-1270,ACTIVA
894,DEBITO,1111-1436-1141-1510,ACTIVA
895,DEBITO,1115-1259-1997-1610,ACTIVA
896,DEBITO,1112-1239-1138-1215,ACTIVA
897,DEBITO,1116-1588-1154-1917,ACTIVA
898,DEBITO,1114-1634-1808-1453,ACTIVA
899,DEBITO,1111-1225-1837-1130,ACTIVA
900,DEBITO,1113-1206-1187-1962,ACTIVA
901,DEBITO,1119-1844-1500-1398,ACTIVA
902,DEBITO,1115-1927-1330-1748,ACTIVA
903,DEBITO,1112-1764-1298-1846,ACTIVA
904,DEBITO,1116-1901-1562-1329,ACTIVA
905,DEBITO,1114-1822-1679-1678,ACTIVA
906,DEBITO,1116-1733-1905-1153,ACTIVA
907,DEBITO,1111-1720-1818-1550,ACTIVA
908,DEBITO,1111-1630-1648-1764,ACTIVA
909,DEBITO,1115-1120-1387-1971,ACTIVA
910,DEBITO,1114-1251-1437-1596,ACTIVA
911,DEBITO,1116-1945-1711-1839,ACTIVA
912,DEBITO,1115-1121-1648-1197,ACTIVA
913,DEBITO,1116-1971-1200-1628,ACTIVA
914,DEBITO,1117-1630-1263-1653,ACTIVA
915,DEBITO,1118-1897-1929-1994,ACTIVA
916,DEBITO,1116-1789-1311-1465,ACTIVA
917,DEBITO,1119-1769-1526-1411,ACTIVA
918,DEBITO,1118-1828-1314-1368,ACTIVA
919,DEBITO,1115-1889-1447-1601,ACTIVA
920,DEBITO,1112-1123-1196-1283,ACTIVA
921,DEBITO,1112-1393-1392-1542,ACTIVA
922,DEBITO,1113-1250-1323-1519,ACTIVA
923,DEBITO,1113-1410-1478-1434,ACTIVA
924,DEBITO,1112-1402-1459-1209,ACTIVA
925,DEBITO,1119-1962-1817-1533,ACTIVA
926,DEBITO,1114-1338-1553-1182,ACTIVA
927,DEBITO,1111-1899-1864-1256,ACTIVA
928,DEBITO,1114-1427-1540-1255,ACTIVA
929,DEBITO,1114-1534-1316-1994,ACTIVA
930,DEBITO,1114-1379-1669-1661,ACTIVA
931,DEBITO,1113-1410-1138-1135,ACTIVA
932,DEBITO,1113-1807-1371-1650,ACTIVA
933,DEBITO,1114-1533-1199-1239,ACTIVA
934,DEBITO,1113-1804-1722-1271,ACTIVA
935,DEBITO,1119-1763-1619-1974,ACTIVA
936,DEBITO,1117-1546-1168-1820,ACTIVA
937,DEBITO,1119-1617-1238-1731,ACTIVA
938,DEBITO,1114-1359-1650-1285,ACTIVA
939,DEBITO,1115-1856-1726-1132,ACTIVA
940,DEBITO,1112-1848-1509-1650,ACTIVA
941,DEBITO,1117-1984-1857-1397,ACTIVA
942,DEBITO,1119-1399-1278-1912,ACTIVA
943,DEBITO,1113-1634-1742-1451,ACTIVA
944,DEBITO,1111-1145-1401-1618,ACTIVA
945,DEBITO,1119-1457-1274-1592,ACTIVA
946,DEBITO,1117-1397-1435-1708,ACTIVA
947,DEBITO,1118-1589-1261-1356,ACTIVA
948,DEBITO,1119-1138-1259-1190,ACTIVA
949,DEBITO,1113-1770-1787-1334,ACTIVA
950,DEBITO,1114-1565-1795-1402,ACTIVA
951,DEBITO,1114-1835-1588-1507,ACTIVA
952,DEBITO,1116-1664-1305-1487,ACTIVA
953,DEBITO,1115-1641-1752-1381,ACTIVA
954,DEBITO,1118-1763-1327-1280,ACTIVA
955,DEBITO,1115-1852-1577-1946,ACTIVA
956,DEBITO,1119-1148-1877-1540,ACTIVA
957,DEBITO,1114-1208-1938-1842,ACTIVA
958,DEBITO,1117-1811-1520-1286,ACTIVA
959,DEBITO,1116-1900-1750-1748,ACTIVA
960,DEBITO,1117-1308-1126-1171,ACTIVA
961,DEBITO,1112-1283-1187-1243,ACTIVA
962,DEBITO,1117-1285-1249-1797,ACTIVA
963,DEBITO,1117-1251-1378-1408,ACTIVA
964,DEBITO,1119-1187-1171-1414,ACTIVA
965,DEBITO,1113-1663-1372-1481,ACTIVA
966,DEBITO,1119-1808-1159-1181,ACTIVA
967,DEBITO,1113-1623-1463-1435,ACTIVA
968,DEBITO,1116-1654-1834-1387,ACTIVA
969,DEBITO,1111-1568-1120-1509,ACTIVA
970,DEBITO,1111-1881-1704-1979,ACTIVA
971,DEBITO,1117-1854-1325-1424,ACTIVA
972,DEBITO,1114-1864-1806-1868,ACTIVA
973,DEBITO,1114-1520-1874-1172,ACTIVA
974,DEBITO,1115-1555-1244-1522,ACTIVA
975,DEBITO,1111-1553-1230-1338,ACTIVA
976,DEBITO,1113-1554-1125-1351,ACTIVA
977,DEBITO,1118-1904-1697-1473,ACTIVA
978,DEBITO,1117-1176-1793-1311,ACTIVA
979,DEBITO,1114-1458-1746-1327,ACTIVA
980,DEBITO,1116-1907-1635-1702,ACTIVA
981,DEBITO,1112-1819-1468-1367,ACTIVA
982,DEBITO,1111-1615-1854-1935,ACTIVA
983,DEBITO,1119-1302-1892-1889,ACTIVA
984,DEBITO,1111-1616-1837-1443,ACTIVA
985,DEBITO,1113-1587-1411-1395,ACTIVA
986,DEBITO,1112-1430-1428-1580,ACTIVA
987,DEBITO,1118-1233-1304-1921,ACTIVA
988,DEBITO,1119-1596-1301-1737,ACTIVA
989,DEBITO,1115-1246-1852-1190,ACTIVA
990,DEBITO,1111-1798-1427-1984,ACTIVA
991,DEBITO,1113-1432-1900-1343,ACTIVA
992,DEBITO,1113-1336-1415-1994,ACTIVA
993,DEBITO,1113-1833-1688-1927,ACTIVA
994,DEBITO,1114-1699-1965-1211,ACTIVA
995,DEBITO,1114-1893-1166-1258,ACTIVA
996,DEBITO,1114-1868-1638-1395,ACTIVA
997,DEBITO,1113-1520-1858-1786,ACTIVA
998,DEBITO,1116-1608-1383-1896,ACTIVA
999,DEBITO,1118-1111-1185-1176,ACTIVA
1000,DEBITO,1119-1712-1287-1376,ACTIVA
1001,DEBITO,1116-1380-1890-1624,ACTIVA
1002,DEBITO,1115-1288-1176-1362,ACTIVA
1003,DEBITO,1115-1216-1653-1197,ACTIVA
1004,DEBITO,1113-1778-1428-1754,ACTIVA
1005,DEBITO,1119-1739-1649-1339,ACTIVA
1006,DEBITO,1119-1601-1496-1210,ACTIVA
1007,DEBITO,1117-1550-1880-1553,ACTIVA
1008,DEBITO,1114-1438-1117-1693,ACTIVA
1009,DEBITO,1119-1686-1190-1575,ACTIVA
1010,DEBITO,1111-1852-1521-1909,ACTIVA
1011,DEBITO,1113-1935-1162-1181,ACTIVA
1012,DEBITO,1116-1171-1525-1459,ACTIVA
1013,DEBITO,1117-1237-1491-1969,ACTIVA
1014,DEBITO,1117-1399-1527-1836,ACTIVA
1015,DEBITO,1117-1153-1979-1623,ACTIVA
1016,DEBITO,1111-1767-1242-1701,ACTIVA
1017,DEBITO,1114-1842-1331-1376,ACTIVA
1018,DEBITO,1115-1671-1747-1651,ACTIVA
1019,DEBITO,1114-1573-1370-1817,ACTIVA
1020,DEBITO,1117-1154-1222-1520,ACTIVA
1021,DEBITO,1114-1206-1239-1522,ACTIVA
1022,DEBITO,1114-1190-1578-1871,ACTIVA
1023,DEBITO,1114-1291-1559-1213,ACTIVA
1024,DEBITO,1117-1507-1830-1628,ACTIVA
1025,DEBITO,1118-1692-1263-1972,ACTIVA
1026,DEBITO,1118-1254-1636-1897,ACTIVA
1027,DEBITO,1113-1289-1943-1415,ACTIVA
1028,DEBITO,1112-1510-1963-1473,ACTIVA
1029,DEBITO,1111-1865-1703-1654,ACTIVA
1030,DEBITO,1112-1569-1939-1800,ACTIVA
1031,DEBITO,1115-1435-1711-1922,ACTIVA
1032,DEBITO,1113-1436-1492-1576,ACTIVA
1033,DEBITO,1118-1240-1999-1182,ACTIVA
1034,DEBITO,1111-1575-1392-1461,ACTIVA
1035,DEBITO,1114-1488-1856-1251,ACTIVA
1036,DEBITO,1112-1210-1534-1633,ACTIVA
1037,DEBITO,1115-1145-1134-1288,ACTIVA
1038,DEBITO,1119-1339-1573-1579,ACTIVA
1039,DEBITO,1115-1496-1226-1398,ACTIVA
1040,DEBITO,1113-1627-1373-1189,ACTIVA
1041,DEBITO,1118-1250-1171-1216,ACTIVA
1042,DEBITO,1114-1806-1725-1606,ACTIVA
1043,DEBITO,1115-1145-1725-1199,ACTIVA
1044,DEBITO,1111-1890-1894-1620,ACTIVA
1045,DEBITO,1118-1701-1136-1578,ACTIVA
1046,DEBITO,1115-1700-1778-1673,ACTIVA
1047,DEBITO,1113-1620-1835-1495,ACTIVA
1048,DEBITO,1112-1192-1760-1652,ACTIVA
1049,DEBITO,1113-1849-1424-1161,ACTIVA
1050,DEBITO,1113-1608-1886-1245,ACTIVA
1051,DEBITO,1113-1145-1634-1800,ACTIVA
1052,DEBITO,1119-1503-1748-1427,ACTIVA
1053,DEBITO,1113-1407-1796-1288,ACTIVA
1054,DEBITO,1115-1910-1523-1281,ACTIVA
1055,DEBITO,1112-1928-1926-1657,ACTIVA
1056,DEBITO,1118-1700-1419-1550,ACTIVA
1057,DEBITO,1117-1989-1437-1709,ACTIVA
1058,DEBITO,1116-1618-1877-1303,ACTIVA
1059,DEBITO,1114-1908-1693-1320,ACTIVA
1060,DEBITO,1111-1602-1714-1230,ACTIVA
1061,DEBITO,1115-1934-1131-1151,ACTIVA
1062,DEBITO,1117-1426-1368-1286,ACTIVA
1063,DEBITO,1113-1816-1275-1905,ACTIVA
1064,DEBITO,1113-1971-1762-1800,ACTIVA
1065,DEBITO,1113-1792-1821-1788,ACTIVA
1066,DEBITO,1115-1456-1336-1533,ACTIVA
1067,DEBITO,1117-1986-1443-1889,ACTIVA
1068,DEBITO,1115-1438-1895-1240,ACTIVA
1069,DEBITO,1115-1498-1512-1848,ACTIVA
1070,DEBITO,1117-1914-1362-1923,ACTIVA
1071,DEBITO,1119-1389-1640-1627,ACTIVA
1072,DEBITO,1113-1237-1976-1954,ACTIVA
1073,DEBITO,1119-1654-1858-1886,ACTIVA
1074,DEBITO,1115-1130-1398-1851,ACTIVA
1075,DEBITO,1115-1981-1788-1266,ACTIVA
1076,DEBITO,1112-1161-1537-1605,ACTIVA
1077,DEBITO,1114-1510-1894-1246,ACTIVA
1078,DEBITO,1116-1727-1167-1678,ACTIVA
1079,DEBITO,1118-1757-1289-1972,ACTIVA
1080,DEBITO,1117-1602-1652-1741,ACTIVA
1081,DEBITO,1117-1911-1130-1674,ACTIVA
1082,DEBITO,1115-1164-1372-1238,ACTIVA
1083,DEBITO,1112-1226-1229-1938,ACTIVA
1084,DEBITO,1111-1794-1600-1441,ACTIVA
1085,DEBITO,1113-1754-1652-1762,ACTIVA
1086,DEBITO,1117-1967-1982-1549,ACTIVA
1087,DEBITO,1112-1751-1622-1919,ACTIVA
1088,DEBITO,1115-1568-1580-1482,ACTIVA
1089,DEBITO,1118-1637-1553-1863,ACTIVA
1090,DEBITO,1117-1479-1183-1693,ACTIVA
1091,DEBITO,1119-1170-1385-1825,ACTIVA
1092,DEBITO,1111-1697-1692-1270,ACTIVA
1093,DEBITO,1113-1198-1638-1831,ACTIVA
1094,DEBITO,1111-1302-1788-1830,ACTIVA
1095,DEBITO,1114-1197-1886-1563,ACTIVA
1096,DEBITO,1119-1697-1866-1983,ACTIVA
1097,DEBITO,1112-1439-1850-1957,ACTIVA
1098,DEBITO,1117-1665-1694-1308,ACTIVA
1099,DEBITO,1118-1786-1776-1280,ACTIVA
1100,DEBITO,1113-1861-1446-1560,ACTIVA
1101,DEBITO,1115-1805-1420-1346,ACTIVA
1102,DEBITO,1112-1116-1679-1619,ACTIVA
1103,DEBITO,1111-1111-1111-7894,DESACTIVADA
1104,DEBITO,1111-1111-1111-7845,SIN ASIGNAR
